Model,Equation,Numerator Terms,Denominator Terms,Any Negative in Denominator
1,x2_dot = (-3.919*x1**8*x2 + 2.963*x1**8 - 0.004023*x2)/(1.0*x1**8 + 0.0004261*x2 + 0.003882),3,3,False
2,x2_dot = (-3.952*x1**8*x2 + 2.978*x1**8 - 0.003984*x2)/(1.0*x1**8 - 4.559e-6*x2 + 0.004059),3,3,True
3,x2_dot = (-3.878*x1**8*x2 + 2.922*x1**8 - 0.003912*x2)/(-0.0394*x1**8*x2 + 1.0*x1**8 + 5.25e-5*x2 + 0.003958),3,4,True
4,x2_dot = (-3.321*x1**8*x2 + 2.54*x1**8 - 0.00373*x2)/(-0.2884*x1**8*x2 + 1.0*x1**8 + 0.007514*x2 + 0.0002226),3,4,True
5,x2_dot = (-3.65*x1**8*x2 + 2.743*x1**8 - 0.003653*x2)/(-0.1733*x1**8*x2 + 1.0*x1**8 + 0.0009629*x2 + 0.003257),3,4,True
6,x2_dot = (-0.3093*x1**8 + 0.001603*x2)/(-2.693*x1**8*x2 + 1.0*x1**8 + 0.007567*x2 - 0.004894),2,4,True
