Model,Equation,Numerator Terms,Denominator Terms,Any Negative in Denominator
1,x2_dot = (-3.863*x1**8*x2 + 2.946*x1**8 - 0.004183*x2)/(1.0*x1**8 + 0.001671*x2 + 0.003457),3,3,False
2,x2_dot = (-4.244*x1**8*x2 + 3.119*x1**8 - 0.003734*x2)/(1.0*x1**8 - 0.00331*x2 + 0.005522),3,3,True
4,x2_dot = (0.2848*x1**8 - 0.002818*x2)/(-1.743*x1**8*x2 + 1.0*x1**8 + 0.0536*x2 - 0.0226),2,4,True
5,x2_dot = (-1.962*x1**8*x2 + 1.398*x1**8 - 0.001603*x2)/(-1.188*x1**8*x2 + 1.0*x1**8 + 0.005518*x2 - 0.001002),3,4,True
6,x2_dot = (-0.3065*x1**8 + 0.001552*x2)/(-2.7*x1**8*x2 + 1.0*x1**8 + 0.007774*x2 - 0.004912),2,4,True
